fold,bestDim,prec@1,prec@3,prec@5,prec@10,rec@1,rec@3,rec@5,rec@10,f1@1,f1@3,f1@5,f1@10,map@1,map@3,map@5,map@10,auc
1,none,0.3530257936507936,0.2878968253968253,0.2391021825396825,0.1813814484126984,0.14917544791242707,0.37108351139601137,0.4985699341168091,0.7374177202041786,0.20035975531558003,0.33527913654064806,0.3060732351430775,0.27971210442726585,0.14917544791242707,0.2751705374101207,0.32680165672483386,0.39059667234392864,0.8941232913387439
2,none,0.39536749482401645,0.3056935817805381,0.2564130434782609,0.180776397515528,0.166438995284104,0.3859577726017943,0.5278974005060963,0.7291464659535313,0.22107775956509515,0.3507152270533512,0.32666313264830504,0.27731193188719483,0.166438995284104,0.2895675777356031,0.34511293229046847,0.39760723665472636,0.8945559978036443
3,none,0.33454861111111117,0.3037119708994709,0.24810515873015868,0.1818030753968254,0.13385588899911816,0.38719287367724836,0.5305328896604938,0.7379885912698412,0.17915240338858032,0.35042684488378706,0.31570823302174134,0.27684165767905716,0.13385588899911816,0.2782668857473545,0.3310125523589065,0.3869878167123329,0.8897751927332128
4,none,0.38559155621011276,0.29979545082637865,0.25326460481099655,0.18017427589592536,0.1619349475185263,0.3567573722709951,0.5187946846967467,0.7233397859299922,0.21585271988251192,0.3384185583089452,0.32252237641977777,0.2771069503989823,0.1619349475185263,0.2822556846074888,0.34089864973637074,0.39898837571418483,0.8862970330231613
5,none,0.3555977710233027,0.2697652819993244,0.2259371833839918,0.16825481256332322,0.15750773310613733,0.3478653556845046,0.46976004344355404,0.693521000276319,0.20614458347061726,0.3108612260013549,0.288218190987182,0.2588914992153604,0.15750773310613733,0.2687900855055111,0.3167170364357866,0.37177749751397804,0.8726133918030565
