fold,bestDim,prec@1,prec@3,prec@5,prec@10,rec@1,rec@3,rec@5,rec@10,f1@1,f1@3,f1@5,f1@10,map@1,map@3,map@5,map@10,auc
1,none,0.37013888888888874,0.3000992063492063,0.2392361111111111,0.11961805555555555,0.17308004447327366,0.38657844084927423,0.5000252361450277,0.5000252361450277,0.22058687390647158,0.3517846107587402,0.3049310242833872,0.1846710325767118,0.17308004447327366,0.298526306994189,0.3444060139962917,0.3444060139962917,0.8329720235600466
2,none,0.3674430641821945,0.29059696342305025,0.24864389233954445,0.12432194616977223,0.156867092247527,0.3558889032666206,0.5238316655164478,0.5238316655164478,0.20751374941142794,0.3290789930872124,0.31757177796216307,0.19214139587152723,0.156867092247527,0.27353771279043004,0.3355682474982746,0.3355682474982746,0.837239641041581
3,none,0.3775049603174602,0.2770916005291005,0.235734126984127,0.1178670634920635,0.18086378417107585,0.35910300925925914,0.49494881227954163,0.49494881227954163,0.22782779383024632,0.31454368627558466,0.2984381937249432,0.1809723179458548,0.18086378417107585,0.28343901565255725,0.33448203262786613,0.33448203262786613,0.8311322472585959
4,none,0.3301178203240059,0.2715103910980199,0.23611192930780564,0.11805596465390282,0.13087946050022634,0.32992279995409607,0.469114307391185,0.469114307391185,0.17788934447574373,0.30646593848359416,0.299470236059363,0.18200309138867893,0.13087946050022634,0.24473427822654628,0.2998342938732298,0.2998342938732298,0.8133404191768339
5,none,0.34338905775075984,0.2627828436339075,0.22932624113475186,0.11466312056737593,0.1614932954161677,0.3510007752294987,0.49415707224217864,0.49415707224217864,0.20603839161015675,0.3024943651670516,0.29513133272339986,0.17785001061771502,0.1614932954161677,0.2699591085628319,0.324911592175555,0.324911592175555,0.8162555171804354
