fold,prec@1,prec@3,prec@5,prec@10,rec@1,rec@3,rec@5,rec@10,f1@1,f1@3,f1@5,f1@10,map@1,map@3,map@5,map@10,auc
1,0.36897321428571433,0.28505291005290995,0.24381448412698403,0.12190724206349202,0.17071300853852941,0.37524700897096724,0.5153418697429115,0.5153418697429115,0.22164704195445814,0.328393407600677,0.3132617171609046,0.1892380327590716,0.17071300853852941,0.28784119759163146,0.34414765723923707,0.34414765723923707,0.8351557621448061
2,0.4042443064182193,0.30213940648723236,0.25767080745341614,0.12883540372670807,0.17348710317460317,0.37020423567977917,0.5116587589141937,0.5116587589141937,0.22696659464464117,0.3380164791641242,0.3229622912403813,0.19674006435549202,0.17348710317460317,0.28934554961275977,0.34555342645310955,0.34555342645310955,0.8383063195623525
3,0.291344246031746,0.2736028439153439,0.2314087301587301,0.11570436507936505,0.12072241512345677,0.3382051229056437,0.47606543485449726,0.47606543485449726,0.1581785262516611,0.30758527710422495,0.2908704830651731,0.17684586572452013,0.12072241512345677,0.2409689153439153,0.29308090484457655,0.29308090484457655,0.8180376443075157
4,0.32606774668630345,0.2810178366879396,0.23858615611192935,0.11929307805596467,0.1357423381723824,0.3419107389910041,0.4741321589554285,0.4741321589554285,0.17954253071010778,0.320076674101392,0.3023085896124423,0.18374822224590037,0.1357423381723824,0.25770837539431046,0.31037864717375013,0.31037864717375013,0.8112957721532875
5,0.285739614994934,0.2459304289091522,0.22291793313069896,0.11145896656534948,0.1381112799729821,0.33410023487151136,0.49367750452856834,0.49367750452856834,0.17553001187637846,0.2843371037500945,0.28940663151675794,0.173694464373371,0.1381112799729821,0.246722125638349,0.30106815239527995,0.30106815239527995,0.81983189526407
