fold,prec@1,prec@3,prec@5,prec@10,rec@1,rec@3,rec@5,rec@10,f1@1,f1@3,f1@5,f1@10,map@1,map@3,map@5,map@10,auc
1,0.3846726190476191,0.2990244708994707,0.2480902777777777,0.1734920634920634,0.16769072844593672,0.37659738650624064,0.5046324065594897,0.6888768431606973,0.22136931096370474,0.34567852809900895,0.31509270350740043,0.26566022312890913,0.16769072844593672,0.289690695589133,0.34124246704780553,0.3894567369435506,0.8823509691321744
2,0.3743012422360249,0.30268288474810207,0.2593271221532091,0.17941770186335404,0.1687023378191856,0.3782115539452495,0.5381160858063031,0.716716773061882,0.2178338497331726,0.34398840946158915,0.3316171344979631,0.2750491937184676,0.1687023378191856,0.29363096436239544,0.35491147390920935,0.4064849468571649,0.8840672029379949
3,0.34387400793650796,0.2886078042328041,0.23328869047619047,0.1724702380952381,0.14800002755731928,0.3483209325396825,0.46449184303350943,0.6742822007275134,0.19381294748841563,0.32955531359585666,0.2912353208505727,0.26135186094011104,0.14800002755731928,0.27362640542328026,0.31548265266754855,0.36786272583879237,0.8780863484898225
4,0.3402307314678449,0.2775977745049909,0.2413402061855671,0.17313451153657342,0.14231498660070085,0.3423659485662434,0.49379160052024573,0.6974464453072698,0.18904072854817003,0.31457206458439996,0.3082846837639736,0.2674284872828672,0.14231498660070085,0.26214724653789456,0.31968594724154376,0.37155517539811234,0.8814436555884806
5,0.3641084093211753,0.2818220195879769,0.23826241134751772,0.16652482269503546,0.1730700431365325,0.3876331706118941,0.5274614879801051,0.7078509832366217,0.22121293743080878,0.33232906318111255,0.3098228044291871,0.25771120309759815,0.1730700431365325,0.28833282163069396,0.34062769859179415,0.38786392357958666,0.8855724963867896
