fold,prec@1,prec@3,prec@5,prec@10,rec@1,rec@3,rec@5,rec@10,f1@1,f1@3,f1@5,f1@10,map@1,map@3,map@5,map@10,auc
1,0.3427579365079365,0.2659143518518517,0.22155257936507936,0.1633407738095238,0.14231656894417308,0.32427379044566546,0.44709872303622317,0.6478354944630985,0.18930055090789855,0.303025990651815,0.2812646373254471,0.2507431468388397,0.14231656894417308,0.2453012650929317,0.29147699440798397,0.34270490813772697,0.8646151001059342
2,0.3162784679089026,0.27481884057970996,0.23110766045548647,0.15864906832298137,0.1187717822636301,0.34811867379802147,0.4782188146997927,0.6428904991948466,0.16378670330025896,0.3132273874122698,0.29190116859559034,0.242681400241421,0.1187717822636301,0.24483733992791962,0.2928836793574113,0.3342676192826838,0.8590331477918306
3,0.3021329365079364,0.22649636243386226,0.19792658730158721,0.15528521825396827,0.14507860725308647,0.2926152584876543,0.4144475446428571,0.6365291556437391,0.18249746903173925,0.2614579321767034,0.25067646722633435,0.23644695527822276,0.14507860725308647,0.22280076517489708,0.26299960156709284,0.31364194053392974,0.8695933256324819
4,0.34140893470790384,0.24786450662739323,0.2043789887088856,0.15534118802160038,0.14344447791612736,0.31122010925582355,0.4169269302535132,0.6280132191895814,0.1913326331611405,0.2871018599922143,0.25789675850583976,0.23845185174543865,0.14344447791612736,0.23699093333574192,0.27497402229922474,0.32504142840546163,0.8608589493813935
5,0.34212259371833825,0.2624535629854778,0.21828774062816605,0.1547669706180345,0.14840193346842276,0.3348352829203892,0.47091972153142364,0.6554425908016334,0.19372501648241877,0.3035707128029823,0.2807781998617332,0.23918069030057162,0.14840193346842276,0.24919237972429467,0.2957285804473305,0.34032390768695553,0.8725306435980827
